Date,Total_PnL,Average_PnL,Total_Volume_Notional,Num_Trades,Num_Longs,Num_Shorts,Effective_Leverage,Long_Short_Ratio,Classification
2023-05-01,0.0,0.0,476.99280999999996,3,3,0,0.9110458603125021,3000000000.0,Greed
2023-12-05,0.0,0.0,50005.82917,9,7,2,0.9781228678477809,3.49999999825,Greed
2023-12-14,-205.43473700000007,-18.675885181818188,113203.34547,11,5,6,0.7136860375817053,0.8333333331944445,Greed
2023-12-15,-24.632033999999997,-12.316016999999999,10609.956,2,2,0,0.7290983606556876,1999999999.9999998,Greed
2023-12-16,0.0,0.0,15348.76138,3,3,0,1.0968160807121365,3000000000.0,Greed
2023-12-17,304.982785,21.78448464285714,116278.018081,14,3,11,0.5508641841465185,0.2727272727024793,Greed
2023-12-18,0.0,0.0,31164.1856,2,2,0,1788.2497244658778,1999999999.9999998,Greed
2023-12-19,1000.5386120000001,66.70257413333334,91602.41239,15,5,10,0.38041942300028464,0.49999999995,Greed
2023-12-20,162.732282,9.040682333333333,141636.78283,18,10,8,0.5517881936280787,1.24999999984375,Greed
2023-12-21,537.211402,10.963498000000001,125233.97907,49,22,27,0.22832043159394763,0.8148148147846365,Greed
2023-12-22,141.832675,14.1832675,88874.27747,10,8,2,0.8872447881301666,3.999999998,Greed
2023-12-23,146.936704,11.302823384615383,78438.24836,13,5,8,0.40091946547798996,0.624999999921875,Greed
2023-12-24,1008.619956,25.862050153846155,402954.92766,39,21,18,0.6078881007441463,1.166666666601852,Greed
2023-12-25,-245.081348,-81.69378266666666,59948.50502,3,2,1,1.9419827410668902,1.9999999979999998,Greed
2023-12-27,-704.8892269999999,-25.174615249999995,171411.03608,28,15,13,0.424388885588313,1.1538461537573965,Greed
2023-12-28,-970.730876,-42.20569026086957,100117.24515,23,10,13,0.37825599156031875,0.7692307691715976,Greed
2023-12-29,508.92214299999995,10.178442859999999,569559.70558,50,31,19,0.9135988297902794,1.6315789472825484,Greed
2023-12-30,354.998648,6.826897076923077,702550.20174,52,20,32,0.5271004401559409,0.6249999999804688,Greed
2024-01-01,-129.53146,-7.196192222222223,264239.51261,18,10,8,0.9483187327722336,1.24999999984375,Greed
2024-01-02,783.979116,46.11641858823529,121348.72987200001,17,9,8,0.8592645670433224,1.124999999859375,Greed
2024-01-03,866.015507,12.925604582089552,394499.36837399995,67,32,35,0.34805903784627945,0.9142857142595919,Greed
2024-01-04,-67.60364,-13.520728,99792.53588000001,5,2,3,0.5134578598035254,0.6666666664444444,Greed
2024-01-05,164.141565,2.486993409090909,1703942.66731,66,31,35,0.8519960343193284,0.8857142856889797,Greed
2024-01-06,135.58166400000002,6.16280290909091,298521.41284,22,11,11,0.5033316542415834,0.9999999999090909,Greed
2024-01-07,-835.681235,-8.615270463917525,1048850.051251,97,52,45,0.6647057647033683,1.1555555555298767,Greed
2024-01-08,-269.874439,-2.1083940546875,1522452.47911,128,40,88,0.5685038910932717,0.4545454545402892,Greed
2024-01-09,-826.349863,-11.804998042857143,870051.9215299999,70,28,42,0.7787216759002551,0.6666666666507937,Greed
2024-01-10,-1517.091342,-7.860576901554404,2057479.485642,193,92,101,0.5009643321527748,0.9108910890998921,Greed
2024-01-11,-164.08950099999998,-7.813785761904761,305314.08634,21,13,8,0.9900852382055252,1.624999999796875,Greed
2024-01-12,-1925.519024,-275.0741462857143,200082.27383999998,7,5,2,1.8295710502092077,2.49999999875,Greed
2024-01-16,-2299.171458,-255.4634953333333,116427.3314,9,4,5,0.6336802812920689,0.79999999984,Greed
2024-01-17,813.2741110000001,15.344794547169812,800831.0522700001,53,31,22,0.48833302604649764,1.4090909090268595,Greed
2024-01-18,68.93319,1.4985476086956522,424631.50679,46,18,28,0.25420186581419824,0.6428571428341837,Greed
2024-01-21,266.58114600000005,24.234649636363642,103129.73894400001,11,3,8,4.638056205092785,0.374999999953125,Greed
2024-01-22,1375.640959,16.18401128235294,337878.99275000003,85,51,34,0.3005192526865011,1.4999999999558824,Greed
2024-01-29,486.562542,6.5751694864864865,414208.23184799997,74,21,53,0.32269578911283436,0.3962264150868637,Greed
2024-01-30,-173.65419100000003,-3.5439630816326537,401011.34982,49,28,21,0.3536389887909851,1.3333333332698412,Greed
2024-01-31,-799.840817,-0.93113017112922,6305647.3764390005,859,470,389,0.13801196425029275,1.2082262210765855,Greed
2024-02-01,0.0,0.0,2008.1847710000002,6,6,0,0.40556415029192744,6000000000.0,Greed
2024-02-02,456.423473,10.867225547619048,474278.433764,42,19,23,0.6287828130677088,0.8260869564858223,Greed
2024-02-03,223.30918699999998,3.9876640535714283,603819.98881,56,18,38,0.32101143855288555,0.47368421051385046,Greed
2024-02-04,47.62389499999999,1.360682714285714,203187.53669,35,19,16,0.1353119589840401,1.1874999999257811,Greed
2024-02-05,-33.45419400000003,-0.4646415833333337,770198.24871,72,33,39,0.51132545921861,0.84615384613215,Greed
2024-02-06,-215.615907,-0.19817638511029412,8047153.469136,1088,518,570,0.14635047122094144,0.9087719298229671,Greed
2024-02-07,241.24212,16.082808,6758.70464,15,7,8,0.4008029988011273,0.874999999890625,Greed
2024-02-08,770.756024,77.07560240000001,26051.1241,10,2,8,0.7334567450615799,0.24999999996875,Greed
2024-02-11,983.443176,28.924799294117648,212311.821349,34,23,11,0.16572524360776336,2.090909090719008,Greed
2024-02-12,913.8817869999998,57.11761168749999,227247.68179,16,11,5,0.30612568637398413,2.19999999956,Greed
2024-02-13,559.44389,39.960277857142856,1999.9932,14,0,14,0.037305879037797134,0.0,Greed
2024-02-14,3830.599833,34.509908405405405,320839.927319,111,34,77,0.27794539636708276,0.441558441552707,Greed
2024-02-15,1840.797677,29.219010746031746,185188.107677,63,52,11,0.2252680573315437,4.727272726842975,Greed
2024-02-16,5491.768834,30.174554032967034,564896.535928,182,115,67,0.2696914924447449,1.7164179104221429,Greed
2024-02-17,1929.6418,20.52810425531915,406118.06327,94,50,44,0.3400013728917713,1.13636363633781,Greed
2024-02-18,477.6248299999999,4.923967319587628,157048.21183000001,97,38,59,0.11299357560503379,0.6440677965992532,Greed
2024-02-19,4317.768563,42.750183792079206,286377.1492,101,41,60,0.1970743458452692,0.6833333333219445,Greed
2024-02-20,3263.628824,83.68279035897436,119419.723704,39,13,26,0.28161260073751726,0.4999999999807692,Greed
2024-02-21,1858.7985700000002,84.49084409090909,108047.53806,22,7,15,0.5645325008452865,0.46666666663555556,Greed
2024-02-22,3894.1050699999996,44.25119397727272,373033.916586,88,35,53,0.2541774561517108,0.6603773584781061,Greed
2024-02-23,1418.55293,9.91995055944056,111106.02652999999,143,131,12,0.03538054659629296,10.916666665756944,Greed
2024-02-25,-30.7705,-6.1541,4480.1295,5,2,3,0.9544371826062792,0.6666666664444444,Greed
2024-02-26,4416.8473,113.25249487179488,192187.18292999998,39,27,12,0.12073068731350402,2.2499999998125,Greed
2024-02-27,888.511733,14.103360841269842,209362.29179000002,63,33,30,0.34885145456525435,1.0999999999633334,Greed
2024-02-28,2503.747235,55.63882744444444,171107.101114,45,31,14,0.2732691986437878,2.214285714127551,Greed
2024-02-29,9813.996992,84.60342234482759,395666.685727,116,60,56,0.329310993788979,1.071428571409439,Greed
2024-03-01,8244.241409,60.176944591240876,472974.663145,137,37,100,0.23084860342387473,0.3699999999963,Greed
2024-03-02,230.90060000000005,7.448406451612905,63197.542455,31,28,3,0.1623858383462157,9.333333330222223,Greed
2024-03-03,8361.086245,105.83653474683545,390745.677042,79,36,43,0.3319752464756748,0.8372093023061115,Greed
2024-03-04,27799.775742,92.66591914,1577996.746285,300,161,139,0.22018491026489892,1.1582733812866313,Greed
2024-03-05,19791.026041,109.95014467222222,841810.2949559999,180,55,125,0.24979838164340382,0.43999999999648,Greed
2024-03-06,6814.825139,83.10762364634145,327217.990646,82,49,33,0.32820048748870695,1.4848484848034895,Greed
2024-03-08,4271.886236,63.7594960597015,183583.229574,67,19,48,0.3265567606300855,0.39583333332508686,Greed
2024-03-09,9949.501624,85.03847541880343,658178.765539,117,83,34,0.2898350661188616,2.441176470516436,Greed
2024-03-10,2482.9272,59.117314285714286,219973.8624,42,38,4,0.21286563721756144,9.499999997625,Greed
2024-03-11,3588.179495,85.43284511904761,176519.42601,42,12,30,0.19265326344539396,0.3999999999866667,Greed
2024-03-12,3039.166,379.89575,103040.842,8,1,7,0.6144894390428487,0.1428571428367347,Greed
2024-03-13,0.0,0.0,6000.8022599999995,7,7,0,1.173852595855128,7000000000.0,Greed
2024-03-14,3465.865832,192.5481017777778,205933.17923,18,2,16,0.3943752986428726,0.1249999999921875,Greed
2024-03-15,6236.513651,100.58892985483871,351894.414518,62,26,36,0.22405445327082402,0.7222222222021606,Greed
2024-03-16,228.57984,28.57248,37223.66167,8,5,3,0.3451011446964816,1.6666666661111111,Greed
2024-03-17,503.293955,21.882345869565217,99506.94409,23,18,5,0.17844318426393863,3.59999999928,Greed
2024-03-18,1456.9577,76.68198421052631,90458.06317,19,13,6,0.37108517991333756,2.1666666663055554,Greed
2024-03-19,668.797973,27.86658220833333,219884.87557,24,17,7,0.291512727484861,2.42857142822449,Greed
2024-03-20,6423.134599,93.08890723188406,215705.92522,69,29,40,0.23227847291583492,0.724999999981875,Greed
2024-03-21,2335.5080749999997,83.41100267857142,117895.56306,28,26,2,0.17574820329410615,12.9999999935,Greed
2024-03-24,1297.018477,68.26413036842105,92592.22297,19,15,4,0.2460323913014354,3.7499999990625,Greed
2024-03-25,1302.916428,186.13091828571427,57116.32732,7,0,7,0.2374107438336991,0.0,Greed
2024-03-26,3215.906593,27.253445703389833,198565.2084,118,8,110,0.06810127523796858,0.07272727272661157,Greed
2024-03-27,150.41114,3.9581878947368416,99864.78379,38,19,19,0.5709226537232014,0.9999999999473684,Greed
2024-03-28,227.85100799999998,17.527000615384615,35323.735136,13,12,1,0.24538274873326657,11.999999987999999,Greed
2024-03-29,883.097404,58.873160266666666,86914.38673,15,9,6,0.31727454575741015,1.49999999975,Greed
2024-03-30,1100.57514,24.45722533333333,101103.90474,45,1,44,0.07648556472972175,0.0227272727267562,Greed
2024-03-31,912.786145,70.21431884615384,39912.93963000001,13,0,13,0.2267136734965631,0.0,Greed
2024-04-01,2507.963406,32.57095332467532,339470.500845,77,32,45,0.1835318867669102,0.7111111110953087,Greed
2024-04-02,883.760812,21.555141756097562,239664.47561000002,41,10,31,0.2203781548755678,0.32258064515088447,Greed
2024-04-03,126.7884,31.6971,16887.5616,4,3,1,1.2517262158802542,2.9999999969999998,Greed
2024-04-04,0.0,0.0,95987.71009,32,0,32,0.027740907975586065,0.0,Greed
2024-04-05,10706.484306,107.06484306,503791.831726,100,17,83,0.16774032677649245,0.20481927710596604,Greed
2024-04-06,236.33513399999998,14.770945874999999,68223.66744,16,0,16,0.20061759737956647,0.0,Greed
2024-04-07,0.0,0.0,49988.1611,23,0,23,0.029651236865321243,0.0,Greed
2024-04-08,1218.4267,40.614223333333335,211940.64508,30,1,29,0.03993441212081526,0.03448275861950059,Greed
2024-04-09,0.0,0.0,57063.83727,3,0,3,0.06905348521408271,0.0,Greed
2024-04-10,5207.443414,127.01081497560976,351735.94638,41,40,1,0.0485356269913201,39.99999996,Greed
2024-04-11,389.743164,24.35894775,76400.96631999999,16,14,2,0.22153351599793855,6.9999999965,Greed
2024-04-12,-592.6458390000001,-4.594153790697676,442088.595023,129,43,86,0.10989107026769841,0.49999999999418604,Greed
2024-04-13,6621.451755,74.3983343258427,486411.283626,89,46,43,0.07581678850718959,1.069767441835587,Greed
2024-04-14,-36104.012520000004,-337.4206777570094,659162.167688,107,46,61,0.09658977456896801,0.7540983606433754,Greed
2024-04-15,3774.08872,92.05094439024391,291111.17707,41,18,23,0.19991576862270982,0.7826086956181475,Greed
2024-04-16,2467.702221,52.504302574468085,181907.20026,47,31,16,0.17615020517972604,1.9374999998789062,Greed
2024-04-17,2441.4683999999997,174.39059999999998,97562.9796,14,13,1,0.2031458691005232,12.999999986999999,Greed
2024-04-19,1946.4454620000001,55.61272748571429,337257.91968,35,5,30,0.10228548173607901,0.1666666666611111,Greed
2024-04-20,0.0,0.0,60733.23488,22,20,2,0.12924080966909016,9.999999995,Greed
2024-04-22,0.0,0.0,47993.62418,9,0,9,0.11180923898496006,0.0,Greed
2024-04-23,1119.536196,16.962669636363636,233054.85759,66,37,29,0.12031664138899918,1.275862068921522,Greed
2024-04-24,279.185907,13.95929535,141275.21555,20,13,7,0.4184964304557156,1.857142856877551,Greed
2024-04-25,0.0,0.0,120240.99586000001,74,74,0,0.025490827646112428,74000000000.0,Greed
2024-04-26,0.0,0.0,4988.28521,3,0,3,0.0327962300019925,0.0,Greed
2024-04-27,4281.488139,158.57363477777778,154264.46749,27,0,27,0.09764323740109192,0.0,Greed
2024-04-28,0.0,0.0,43985.63142,58,0,58,0.020609997773245937,0.0,Greed
2024-04-29,526.9338359999999,11.709640799999999,108699.00198,45,24,21,0.075892000481626,1.142857142802721,Greed
2024-04-30,0.0,0.0,125018.74591,24,24,0,0.05953154307738162,24000000000.0,Greed
2024-05-04,0.0,0.0,58998.751001000004,9,0,9,0.1553255254691879,0.0,Greed
2024-05-05,0.916,0.15266666666666667,24068.344540000002,6,1,5,0.06489737863617316,0.19999999996,Greed
2024-05-06,968.59038,107.62115333333333,206016.42648,9,8,1,0.4048234107678644,7.999999991999999,Greed
2024-05-07,883.537693,49.08542738888889,108717.587358,18,6,12,0.40354992376148685,0.49999999995833333,Greed
2024-05-08,1.56576,0.12044307692307693,65973.57249,13,12,1,0.14140803627849682,11.999999987999999,Greed
2024-05-09,1147.595856,40.985566285714285,221966.12848999997,28,9,19,0.13455271257485238,0.47368421050138504,Greed
2024-05-10,2101.741695,95.53371340909092,156881.99536,22,16,6,0.24448553521065808,2.666666666222222,Greed
2024-05-12,0.0,0.0,55179.539282,23,17,6,0.21020208088127024,2.833333332861111,Greed
2024-05-13,2136.853859,76.31620925,193118.89158999998,28,5,23,0.24414695816717466,0.21739130433837428,Greed
2024-05-14,1150.5233050000002,50.02275239130436,145853.40901,23,23,0,0.16970734330049997,23000000000.0,Greed
2024-05-15,948.970582,26.360293944444447,234922.58374,36,11,25,0.27621065795307304,0.4399999999824,Greed
2024-05-16,214.5898,7.94777037037037,162620.95312999998,27,14,13,0.1768187337890641,1.0769230768402367,Greed
2024-05-18,3522.3946610000003,140.89578644000002,126303.14745,25,7,18,0.21085836246895284,0.38888888886728395,Greed
2024-05-19,0.0,0.0,29998.084300000002,8,8,0,0.23530298021228674,7999999999.999999,Greed
2024-05-20,-74.818442,-7.4818442,38124.759653,10,7,3,0.11018341653363024,2.3333333325555556,Greed
2024-05-21,7289.397571999999,58.31518057599999,1100948.58418,125,29,96,0.14016597165728978,0.3020833333301866,Greed
2024-05-22,0.0,0.0,44995.28661,6,0,6,0.020719694134848903,0.0,Greed
2024-05-23,413.347329,1.2718379353846154,401850.593567,325,189,136,0.059098356170277117,1.3897058823427229,Greed
2024-05-24,821.949278,410.974639,50811.902200000004,2,0,2,0.7773264930944377,0.0,Greed
2024-05-25,14.126038999999999,0.8828774374999999,29991.122934000003,16,7,9,0.7703979022452229,0.777777777691358,Greed
2024-05-26,778.6839,48.66774375,53976.68183,16,2,14,0.056686372995686574,0.14285714284693876,Greed
2024-05-27,1129.35587,4.499425776892431,151115.724461,251,93,158,0.023547032320308702,0.5886075949329835,Greed
2024-05-29,277.791953,1.6938533719512194,84268.709095,164,67,97,0.2842832364307009,0.6907216494774152,Greed
2024-05-30,20.951433,2.9930618571428576,2838.085376,7,5,2,1.5914627792667548,2.49999999875,Greed
2024-05-31,25.35812,1.9506246153846154,3636.149459,13,4,9,0.8634202654597635,0.4444444443950617,Greed
2024-06-01,91.510419,3.66041676,12834.623744,25,9,16,0.4366843696798612,0.5624999999648438,Greed
2024-06-02,192.906947,2.074268247311828,29464.546476,93,34,59,0.06011964614468536,0.5762711864309107,Greed
2024-06-03,562.808208,8.040117257142859,21466.868433,70,44,26,0.047556469621285846,1.6923076922426035,Greed
2024-06-04,52.211438,0.9851214716981133,24243.41788,53,25,28,0.13583484057358963,0.8928571428252551,Greed
2024-06-05,56.055506,1.038064925925926,25350.75432,54,17,37,0.17733900887823179,0.4594594594470417,Greed
2024-06-06,274.173187,1.1716802863247862,137557.83376,234,102,132,0.05390473523569089,0.7727272727214188,Greed
2024-06-07,8902.467416,20.23288049090909,1098588.8932400001,440,181,259,0.05911380027520503,0.6988416988390006,Greed
2024-06-08,129.13883900000002,4.453063413793104,97351.86465,29,21,8,0.3842243267764726,2.624999999671875,Greed
2024-06-09,0.0,0.0,22410.216839999997,17,17,0,0.05702068921233192,16999999999.999998,Greed
2024-06-10,31.266804999999998,0.589939716981132,46587.90546,53,22,31,0.08811705880405027,0.7096774193319458,Greed
2024-06-11,4320.631811,35.12708789430894,373279.909833,123,114,9,0.06113547305221427,12.666666665259259,Greed
2024-06-12,-21886.531493,-86.16744682283463,193407.9471,254,115,139,0.026041064342954164,0.8273381294904508,Greed
2024-06-13,6632.757115,83.95895082278481,132577.23353,79,76,3,0.0821426479415974,25.333333324888887,Greed
2024-06-14,10258.592609,330.9223422258064,139868.6321,31,31,0,0.019776399741810204,30999999999.999996,Greed
2024-06-15,3369.958346,43.20459417948718,718350.23447,78,9,69,0.06714368716014842,0.1304347826068053,Greed
2024-06-16,0.0,0.0,25235.095559999998,11,0,11,0.024958668777316083,0.0,Greed
2024-06-17,10599.502375,278.9342730263158,368380.12568,38,32,6,0.21848963829411455,5.333333332444444,Greed
2024-06-18,282.57636,11.3030544,263314.82219000004,25,21,4,0.18017859422146532,5.2499999986875,Greed
2024-06-19,4887.656944,80.12552367213115,417071.12466,61,3,58,0.1260841463537007,0.05172413793014269,Greed
2024-06-20,57478.456026,1473.8065647692308,207990.784464,39,0,39,0.18724766179735003,0.0,Greed
2024-06-21,773.5582039999999,9.66947755,176264.47105999998,80,68,12,0.11957693553065153,5.666666666194445,Greed
2024-06-23,0.0,0.0,1792.12,5,0,5,0.030754789025462286,0.0,Greed
2024-06-25,4869.353105,99.3745531632653,103099.07311,49,11,38,0.10915869486259971,0.2894736842029086,Fear
2024-06-27,0.0,0.0,130486.9624,30,12,18,0.08854049737494829,0.6666666666296296,Fear
2024-06-29,6150.326145,82.0043486,280095.11999100004,75,35,40,0.15806884147322608,0.874999999978125,Fear
2024-07-04,0.0,0.0,430567.99370999995,25,25,0,0.120897449251593,25000000000.0,Fear
2024-07-05,0.0,0.0,272289.87738,32,32,0,0.0305204392040486,31999999999.999996,Fear
2024-07-06,108.87217799999999,4.53634075,2490.18429332,24,17,7,0.03285071437331386,2.42857142822449,Fear
2024-07-07,61.428942,6.1428942,498.75,10,0,10,0.00524090123258738,0.0,Fear
2024-07-08,0.0,0.0,497.64,1,1,0,0.06741613908747202,999999999.9999999,Fear
2024-07-09,648.984412,43.265627466666665,2736.4455,15,0,15,0.018266504146030923,0.0,Fear
2024-07-10,11977.734907,213.88812333928573,687900.18475,56,10,46,0.06563146610577276,0.2173913043431002,Fear
2024-07-11,1876.812082,98.77958326315789,169887.01205999998,19,10,9,0.19978754780400348,1.1111111109876544,Fear
2024-07-12,1412.314654,74.33235021052631,89582.96714000001,19,19,0,0.09433017371393787,19000000000.0,Fear
2024-07-13,2913.617837,171.38928452941175,139189.19196,17,0,17,0.1503458746671052,0.0,Fear
2024-07-14,0.0,0.0,84001.12074,7,0,7,0.4024217088988812,0.0,Fear
2024-07-16,0.0,0.0,144000.54916,22,0,22,0.01983380412942012,0.0,Greed
2024-07-17,1859.269477,5.297064037037037,626005.51014,351,155,196,0.018665708306225513,0.7908163265265775,Greed
2024-07-18,3803.884311,63.398071849999994,649704.82814,60,60,0,0.0541150546031504,60000000000.0,Greed
2024-07-19,2155.891114,93.73439626086956,150269.43056,23,1,22,0.1930722579123343,0.04545454545247934,Greed
2024-07-20,2299.169566,8.643494609022557,244362.21072,266,41,225,0.02417014118173774,0.18222222222141235,Greed
2024-07-21,-2960.716887,-6.608743051339286,234307.40842,448,239,209,0.004814800139867705,1.143540669850988,Greed
2024-07-22,1517.119876,9.851427766233765,304213.71142,154,103,51,0.021005429281851843,2.019607843097655,Greed
2024-07-23,89890.302206,242.9467627189189,358526.5282,370,137,233,0.004469831096443401,0.5879828326155022,Greed
2024-07-24,625.561479,6.9506831,69207.92880726614,90,54,36,0.10105308280104118,1.4999999999583336,Greed
2024-07-25,916.7382600000001,11.753054615384617,528555.3094460242,78,77,1,0.021902853831209497,76.99999992299999,Greed
2024-07-26,2766.513113,18.200744164473683,548587.650090869,152,43,109,0.036897690134977144,0.39449541284041745,Greed
2024-07-27,6400.623656,112.2916430877193,905199.782580988,57,9,48,0.04352636238273378,0.18749999999609376,Greed
2024-07-28,587.29903,36.706189375,43254.660500000005,16,15,1,0.10047158650056763,14.999999984999999,Greed
2024-07-29,330.80445399999996,8.482165487179486,327199.14641000004,39,18,21,0.2151075513675477,0.8571428571020409,Greed
2024-07-30,0.0,0.0,36006.47697,6,6,0,0.03668058244470611,6000000000.0,Greed
2024-07-31,765.690884,17.806764744186047,84506.534086,43,17,26,0.10826796517667663,0.6538461538210059,Greed
2024-08-02,782.3681909999999,12.418542714285714,396320.3565008986,63,42,21,0.022659922307116755,1.999999999904762,Greed
2024-08-03,464.1897,12.545667567567568,290532.88809492247,37,36,1,0.029478798378256146,35.999999964,Fear
2024-08-04,-122672.000883,-965.9212667952756,1207744.076719446,127,60,67,0.059274125152649314,0.8955223880463354,Fear
2024-08-05,-13013.665169,-162.6708146125,420495.37342,80,41,39,0.17864386123868572,1.0512820512550953,Fear
2024-08-06,267.318048,2.4982995140186914,61478.393769969996,107,76,31,0.060168957316058744,2.451612903146722,Fear
2024-08-07,188.789255,5.720886515151515,2492.769600670129,33,12,21,0.01409870079605737,0.5714285714013605,Fear
2024-08-08,-40.712216999999995,-4.5235796666666666,16299.355026344874,9,5,4,0.053290627967425404,1.2499999996875,Fear
2024-08-10,0.0,0.0,11339.27659695112,88,87,1,0.01440111974070832,86.999999913,Fear
2024-08-11,847.7766200000001,35.32402583333334,44230.218423,24,16,8,0.13032655965124332,1.99999999975,Fear
2024-08-12,858.6705000000001,17.88896875,54167.3325293208,48,39,9,0.10525619788719062,4.3333333328518515,Fear
2024-08-13,212.08102,9.220913913043479,20797.882690046135,23,20,3,0.065962395451186,6.666666664444445,Fear
2024-08-14,2168.9015130000003,86.75606052,66710.01885611855,25,19,6,0.16972441450735934,3.1666666661388887,Fear
2024-08-15,0.0,0.0,1522.367833,12,12,0,0.005777612901672504,12000000000.0,Fear
2024-08-16,825.230544,23.578015542857145,166382.806193,35,32,3,0.23578950108448424,10.66666666311111,Fear
2024-08-17,-288.283113,-9.609437100000001,30248.943302,30,29,1,0.01872159051667973,28.999999970999998,Fear
2024-08-18,307.201888,20.480125866666665,62804.47477449648,15,0,15,0.17823269640291514,0.0,Fear
2024-08-19,339.69958299999996,42.462447874999995,100315.03385,8,3,5,0.552693354249014,0.59999999988,Fear
2024-08-20,192.602844,16.050237,49914.79692,12,5,7,0.2531245527023346,0.7142857141836735,Fear
2024-08-21,656.200925,4.525523620689655,104990.427218,145,56,89,0.039341720315859655,0.6292134831389976,Fear
2024-08-23,1005.30527,100.53052699999999,63509.55795,10,0,10,0.41671169466567914,0.0,Fear
2024-08-24,0.0,0.0,34999.670079999996,7,0,7,0.3707774603785174,0.0,Greed
2024-08-26,231.236918,38.539486333333336,92611.27523,6,6,0,0.5956538528530568,6000000000.0,Greed
2024-08-28,1333.359645,148.15107166666667,71160.08737,9,9,0,0.09815451215215988,9000000000.0,Fear
2024-08-29,0.0,0.0,9995.8488,1,0,1,9995848800000.0,0.0,Fear
2024-08-30,256.464,42.744,37233.242888535875,6,4,2,0.08746037227880595,1.999999999,Fear
2024-08-31,10.882801,0.3200823823529412,107507.43109782883,34,11,23,0.5542806433284092,0.47826086954442343,Fear
2024-09-01,137.433093,11.452757750000002,12359.663834683,12,7,5,0.4470940297032795,1.3999999997199999,Fear
2024-09-02,0.0,0.0,30000.424769999998,2,2,0,0.09045999209937206,1999999999.9999998,Fear
2024-09-04,1065.785132,31.346621529411763,131480.94938499999,34,31,3,0.15233001395471144,10.33333332988889,Fear
2024-09-05,0.0,0.0,0.8427951946369999,1,0,1,0.9999999988134721,0.0,Fear
2024-09-06,-1104.856765,-26.306113452380952,39047.114830000006,42,4,38,0.02933099354276307,0.10526315789196677,Fear
2024-09-08,0.0,0.0,0.10981749839999999,1,0,1,0.9999999908939832,0.0,Fear
2024-09-09,0.0,0.0,4014.42,2,2,0,0.1709495197898999,1999999999.9999998,Fear
2024-09-10,-219.729659,-73.24321966666666,2547.28609,3,1,2,0.13856822554124887,0.49999999975,Fear
2024-09-11,0.0,0.0,0.5380624473,1,0,1,0.9999999981414798,0.0,Fear
2024-09-25,0.0,0.0,52754.136719999995,9,6,3,0.21022875826869572,1.9999999993333333,Greed
2024-09-27,0.0,0.0,126097.029356,56,0,56,0.025272376696352097,0.0,Greed
2024-09-28,0.0,0.0,29199.208700000003,4,0,4,0.0670288785479917,0.0,Greed
2024-09-30,2710.626288,25.571946113207545,214670.00032,106,10,96,0.015871468397413754,0.1041666666655816,Greed
2024-10-02,0.0,0.0,99954.34189,4,4,0,0.11078047038443947,3999999999.9999995,Fear
2024-10-03,100.375782,11.152864666666666,132935.701832,9,6,3,0.10114684085354146,1.9999999993333333,Fear
2024-10-04,0.0,0.0,0.33810461189999996,1,0,1,0.9999999970423354,0.0,Fear
2024-10-10,0.0,0.0,300024.33151,16,16,0,0.07214844505209177,15999999999.999998,Fear
2024-10-11,8885.327477,341.74336450000004,488904.16735649866,26,0,26,0.12103224261831613,0.0,Fear
2024-10-15,1170.2260760000001,167.17515371428573,81173.36482999999,7,3,4,0.7255732833658124,0.7499999998125,Greed
2024-10-16,219.480876,19.95280690909091,80229.16954,11,8,3,0.7199057207164844,2.6666666657777776,Greed
2024-10-17,36.11496,4.0127733333333335,140531.75086,9,7,2,1.0431597400767734,3.49999999825,Greed
2024-10-18,333.219141,55.536523499999994,120331.43022,6,1,5,0.42596625390207965,0.19999999996,Greed
2024-10-19,0.0,0.0,99996.86605000001,4,4,0,1.0037567954846067,3999999999.9999995,Greed
2024-10-20,389.155797,4.05370621875,176447.874719,96,7,89,0.10573035157553592,0.0786516853923747,Greed
2024-10-21,2464.915564,14.248066843930635,324118.01302,173,79,94,0.06991283110559886,0.8404255319059529,Greed
2024-10-22,0.0,0.0,60000.3603,3,3,0,0.11849966631002425,3000000000.0,Greed
2024-10-23,-46.489941,-2.5827745,210006.05804,18,15,3,0.10044948102156366,4.999999998333333,Greed
2024-10-25,13235.862071,441.19540236666666,427883.18564,30,14,16,0.16194599297046097,0.8749999999453125,Greed
2024-10-27,666.6623079999999,166.66557699999998,90664.40483,4,0,4,0.5285795052190079,0.0,Greed
2024-10-28,167.28016200000002,12.867704769230771,121495.23672,13,0,13,0.10829881200720694,0.0,Greed
2024-10-29,801.170876,15.11643162264151,613267.82764,53,3,50,0.03966210698089551,0.059999999998800006,Greed
2024-10-30,9.150023,0.36600091999999995,11830.848523,25,8,17,0.1426739026109161,0.470588235266436,Greed
2024-10-31,1214.043811,25.292579395833332,896173.3526710001,48,42,6,0.07599539899121217,6.999999998833333,Greed
2024-11-01,1040.475736,45.238075478260875,260981.03281,23,13,10,0.5458874491973165,1.29999999987,Greed
2024-11-02,0.0,0.0,39999.9936,2,2,0,0.26941062945367994,1999999999.9999998,Greed
2024-11-03,0.0,0.0,129055.6699,6,6,0,0.20420603385509922,6000000000.0,Greed
2024-11-04,2799.410474,77.76140205555555,451811.99086,36,13,23,0.2700378027688022,0.5652173912797731,Greed
2024-11-05,678.4759280000001,67.8475928,200627.22152,10,5,5,0.20486825999895092,0.9999999998,Greed
2024-11-06,2817.83723,187.85581533333334,123906.91204000001,15,6,9,0.7310429561722369,0.6666666665925925,Greed
2024-11-07,4493.353136,39.764187044247784,111335.248923,113,53,60,0.027442609128589007,0.8833333333186112,Greed
2024-11-08,-64.41354100000007,-1.6516292564102582,270700.42376000003,39,23,16,0.27740344670104095,1.4374999999101563,Greed
2024-11-09,102.90894,1.196615581395349,193384.397206,86,53,33,0.14123274916686446,1.6060606060119378,Greed
2024-11-10,991.114334,5.728984589595376,413636.714386,173,48,125,0.13924933720898278,0.38399999999692797,Greed
2024-11-11,6749.630996,18.09552545844504,1570572.268259,373,94,279,0.01747794010045923,0.33691756272280676,Greed
2024-11-12,3494.399394,20.435084175438597,1226354.4955799999,171,98,73,0.17440031566746486,1.3424657534062676,Greed
2024-11-13,7846.402274,163.46671404166668,515336.40695100004,48,16,32,0.18219570659193343,0.49999999998437505,Greed
2024-11-14,4563.509225,41.4864475,1008361.796498,110,82,28,0.23615390335387493,2.928571428466837,Greed
2024-11-15,4140.740438,27.790204281879195,1427858.505675,149,91,58,0.18776461462281197,1.5689655172143282,Greed
2024-11-16,2769.521909,17.640266936305732,303296.101346,157,77,80,0.31167329675575456,0.9624999999879688,Greed
2024-11-17,882.975285,4.224762129186603,1215987.528332,209,73,136,0.06559801684778745,0.5367647058784062,Greed
2024-11-18,4470.815187,12.921431176300578,2084339.59982066,346,125,221,0.03225353540018405,0.5656108597259475,Greed
2024-11-19,2958.268991,9.699242593442623,628031.1904862984,305,160,145,0.29812047133360053,1.103448275854459,Greed
2024-11-20,4210.0928969999995,7.654714358181818,1999514.154817,550,244,306,0.24695678474272767,0.7973856209124268,Greed
2024-11-21,1692.430891,3.1634222261682243,598300.558755,535,235,300,0.2058288175946777,0.7833333333307223,Greed
2024-11-22,-18105.345617,-26.664721085419732,1646713.6355,679,327,352,0.04452110061842796,0.9289772727246336,Greed
2024-11-23,2901.531638,7.993200104683195,516245.725623,363,150,213,0.12302691058268096,0.7042253521093699,Greed
2024-11-24,945.550386,5.497385965116279,664952.281453,172,103,69,0.1449610867646573,1.4927536231667715,Greed
2024-11-25,5523.740734,21.66172836862745,937410.852452,255,126,129,0.12070606459936356,0.9767441860389401,Greed
2024-11-26,1094.809359,3.6251965529801327,1146902.403842,302,197,105,0.05199892009597853,1.8761904761726076,Greed
2024-11-27,-2654.495633,-12.462420812206572,1444242.525653,213,72,141,0.05061071721346439,0.510638297868719,Greed
2024-11-28,-127075.39958499999,-382.75722766566264,1894225.11699,332,207,125,0.019037629491592628,1.6559999999867518,Greed
2024-11-29,176844.994152,449.98726247328244,794262.90333934,393,148,245,0.07980465028759187,0.6040816326505956,Greed
2024-11-30,37316.69352,100.04475474530831,1732193.6593480066,373,103,270,0.03941570818990939,0.3814814814800686,Greed
2024-12-01,40886.364494,98.28453003365385,814711.9570724809,416,144,272,0.025761051725290963,0.529411764703936,Greed
2024-12-02,18489.604313,68.48001597407408,585243.4758392512,270,156,114,0.12980740347019099,1.3684210526195753,Greed
2024-12-03,23576.539285,63.03887509358289,1084666.510653,374,170,204,0.03195722864475436,0.8333333333292484,Greed
2024-12-04,292891.815021,918.1561599404388,769287.6978940717,319,96,223,0.011190497734068201,0.43049327354067046,Greed
2024-12-05,71574.11848800001,156.96078615789474,1256750.7987900001,456,192,264,0.08514241478502832,0.7272727272699725,Greed
2024-12-06,-92624.643895,-229.83782604218362,3471019.3051,403,205,198,0.02970302040152882,1.0353535353483063,Greed
2024-12-07,85906.279067,282.5864442993421,451733.35789760563,304,110,194,0.055231732761361896,0.5670103092754278,Greed
2024-12-08,15965.933436,38.014127228571425,932939.660374,420,82,338,0.009976839120557959,0.24260355029514025,Greed
2024-12-09,6310.967676,11.708659881261596,983949.726508,539,455,84,0.009755796730587582,5.4166666666021825,Greed
2024-12-10,39325.770231,24.640206911654136,3150423.8495111354,1596,530,1066,0.005443571205081466,0.49718574108771374,Greed
2024-12-11,319051.554217,261.30348420720725,2194098.364461,1221,171,1050,0.003542776311946058,0.16285714285698777,Greed
2024-12-12,599151.795008,310.1199767122153,4557189.73703446,1932,421,1511,0.006988264282278806,0.2786234281930651,Greed
2024-12-13,31935.901745,27.22583268968457,2880824.535528,1173,676,497,0.017461011893015754,1.360160965792032,Greed
2024-12-14,167801.399244,135.87157833522267,2369561.7912950674,1235,595,640,0.014034754899467114,0.9296874999985474,Greed
2024-12-15,97525.315279,57.4692488385386,2583269.80463575,1697,1131,566,0.0027544561466808564,1.9982332155441729,Greed
2024-12-16,166774.344133,158.07994704549765,2740808.9615622945,1055,423,632,0.008592448067767088,0.6693037974672954,Greed
2024-12-17,219591.305172,113.13307839876352,5233597.723958275,1941,851,1090,0.007944028990514548,0.7807339449534122,Greed
2024-12-18,13682.994673,9.575223703988803,3798887.0894005722,1429,715,714,0.008877891568519668,1.0014005602226872,Greed
2024-12-19,62744.004486000005,18.79125621024259,8241709.511445015,3339,1201,2138,0.006047155154617006,0.5617399438725156,Greed
2024-12-20,254969.660039,102.47976689670418,7681274.81126886,2488,1129,1359,0.005668170931996126,0.8307579102274976,Greed
2024-12-21,150022.163157,89.24578415050566,4382875.0773546,1681,596,1085,0.007967529092309165,0.5493087557598624,Greed
2024-12-22,352197.163973,455.03509557235145,3087320.219224,774,448,326,0.01647230153039544,1.3742331288301404,Greed
2024-12-23,-29430.626577,-12.53967898466127,6771878.43537355,2347,1036,1311,0.011463943096427398,0.7902364607164072,Greed
2024-12-24,14813.780116,43.827751822485205,1767036.1242604079,338,118,220,0.07945041072063994,0.5363636363611983,Greed
2024-12-25,756.6570469999998,3.637774264423076,347889.27224130736,208,86,122,0.07600580445581172,0.7049180327811072,Greed
2024-12-26,60228.639722,86.41124780774749,2205242.687897,697,373,324,0.020916522525300928,1.1512345678976814,Greed
2024-12-27,2672.811035,10.280042442307693,347912.9494670144,260,137,123,0.03500051842391791,1.1138211382023266,Greed
2024-12-28,940.673623,5.842693310559007,281555.105363,161,57,104,0.006789092908073501,0.5480769230716531,Greed
2024-12-29,2884.067927,14.348596651741294,344628.494552,201,69,132,0.013077148673439138,0.5227272727233128,Greed
2024-12-30,9009.738137,29.637296503289473,1073865.740501,304,183,121,0.04230496686366982,1.5123966942023768,Greed
2024-12-31,5445.01281,17.794159509803922,877164.63378,306,141,165,0.0816721456901406,0.8545454545402755,Greed
2025-01-01,-9528.065345,-99.25068067708334,282582.080708,96,68,28,0.1545329848317526,2.4285714284846938,Greed
2025-01-02,8716.519087,24.145482235457067,774674.85594,361,107,254,0.10052038947045151,0.42125984251802656,Greed
2025-01-03,6028.486793,11.867099986220472,771209.104457,508,169,339,0.020017149858291207,0.4985250737448421,Greed
2025-01-04,2553.537968,6.882851665768194,1826029.677386,371,76,295,0.017487672934486734,0.2576271186431945,Greed
2025-01-05,3187.719363,13.337737920502093,451943.5077764512,239,65,174,0.040484873818464884,0.3735632183886577,Greed
2025-01-06,6064.185393,10.583220581151831,556527.062831,573,148,425,0.016341768577387686,0.3482352941168277,Greed
2025-01-07,16098.227531,25.271942748822607,1313178.1710339999,637,562,75,0.08040245618870917,7.493333333233422,Greed
2025-01-08,130117.090554,125.23300342059672,3177275.100449,1039,745,294,0.029445508313173843,2.534013605433558,Greed
2025-01-09,46975.928902,89.99220096168582,1020733.193007,522,201,321,0.049909754311996686,0.6261682242971147,Greed
2025-01-11,2269.080536,8.017952424028268,1658098.721674,283,166,117,0.18676914203044442,1.4188034187912921,Greed
2025-01-12,5742.241803,9.538607646179402,2258459.379615,602,81,521,0.02638803808597267,0.15547024951985514,Greed
2025-01-13,9655.429352,23.66526801960784,2936648.0209072023,408,240,168,0.08595050164211723,1.4285714285629252,Greed
2025-01-14,16069.512355,58.43459038181818,876582.0223750001,275,92,183,0.09853285080913118,0.5027322404344113,Greed
2025-01-15,14819.5883,55.50407602996255,1801599.901969,267,93,174,0.16246587088582956,0.534482758617618,Greed
2025-01-16,20807.709328,56.08546988679245,3049692.8926330176,371,114,257,0.05501613433649699,0.443579766535239,Greed
2025-01-17,7006.415608,29.43872104201681,1110230.4997699999,238,95,143,0.12004667903359784,0.6643356643310186,Greed
2025-01-18,443.2330819999997,0.6808495883256523,2711629.918111687,651,353,298,0.09542802031507625,1.1845637583852868,Greed
2025-01-19,87923.799302,56.10963580216975,9715215.049641617,1567,841,726,0.015118418135295067,1.1584022038551538,Greed
2025-01-20,87277.239173,66.37052408593155,8287326.896812,1315,755,560,0.042702320482084125,1.3482142857118782,Greed
2025-01-21,11077.839421,20.901583813207548,1523729.631836115,530,145,385,0.16234061673020556,0.37662337662239836,Greed
2025-01-22,20524.408057,24.66875968389423,1778406.180462,832,297,535,0.04720070432731244,0.5551401869148502,Greed
2025-01-23,101256.24216,83.13320374384236,3697028.66398268,1218,561,657,0.016424408562466488,0.8538812785375132,Greed
2025-01-24,10602.779738,12.131326931350113,1611433.4707741083,874,358,516,0.0796638912330124,0.6937984496110585,Greed
2025-01-25,-10348.016255999999,-20.450625011857706,1239377.678231,506,315,191,0.09247899594221261,1.6492146596772292,Greed
2025-01-26,40823.466668,90.51766445232816,1201173.584255,451,176,275,0.04413606496356962,0.6399999999976728,Greed
2025-01-27,41331.765392,53.469295461837,1508028.281058,773,510,263,0.04473101561582706,1.9391634980914862,Greed
2025-01-28,17979.613973,36.103642516064255,579412.0645028818,498,157,341,0.05312579203583015,0.46041055718340057,Greed
2025-01-29,23421.01147,25.737375241758244,1897513.272527,910,438,472,0.012828800613589087,0.9279661016929492,Greed
2025-01-30,23097.471385,21.64711470009372,3014397.231249,1067,267,800,0.026163028005792087,0.3337499999995828,Greed
2025-01-31,35868.296773,35.303441705708664,2783411.415887,1016,323,693,0.028607621257022986,0.46608946608879354,Greed
2025-02-01,32300.205017,50.946695610410096,1363746.251289,634,352,282,0.09215037112672265,1.2482269503501837,Greed
2025-02-02,162854.759623,123.46835452843062,5661092.351257195,1319,833,486,0.05694900382427492,1.7139917695437985,Greed
2025-02-03,348871.326269,146.58459086932774,22592901.397937045,2380,1091,1289,0.022638062206972683,0.8463925523655187,Fear
2025-02-04,416876.88812,165.9541752070064,15678409.382138,2512,1143,1369,0.01242557249121211,0.8349159970775494,Greed
2025-02-07,22450.002091,14.730972500656167,3460263.544349,1524,957,567,0.05330452418784296,1.6878306878277112,Fear
2025-02-08,586.703253,1.0203534834782608,839735.3870250001,575,451,124,0.023431044690413943,3.637096774164217,Fear
2025-02-10,63908.49465,71.88807047244094,3624958.646305,889,360,529,0.019506850603295607,0.6805293005658213,Fear
2025-02-19,14985.794701,11.010870463629685,3263930.31753133,1361,864,497,0.042688283415257905,1.7384305834975082,Fear
2025-02-21,119693.49395,63.904695114789114,3972159.9927710197,1873,744,1129,0.026483901994816234,0.6589902568638981,Greed
2025-02-25,204762.177034,32.782929400256165,19414984.756965,6246,4236,2010,0.0013954711355881819,2.107462686566116,Fear
2025-02-26,63229.063129,53.76621014370748,4946957.969294,1176,387,789,0.0056231110334487985,0.49049429657732513,Fear
2025-02-27,-36525.167517,-41.039514064044944,1999898.305549,890,406,484,0.019816194201652367,0.8388429752048785,Fear
2025-02-28,225628.108748,221.4211077016683,4123660.762637,1019,530,489,0.022305534480127145,1.0838445807748798,Fear
2025-03-01,10596.108968,60.897177977011495,263824.12591388,174,105,69,0.0019970045344803546,1.5217391304127283,Fear
2025-03-02,66914.320708,125.77879832330827,6460848.75823,532,274,258,0.05318792976628438,1.0620155038718526,Fear
2025-03-03,616413.032233,415.9332201302294,8244590.617822,1482,1069,413,0.012708622962290467,2.588377723964677,Fear
2025-03-04,182075.566585,75.80165136761032,11124247.007898001,2402,1748,654,0.010035262849545258,2.67278287461365,Fear
2025-03-05,269328.365917,162.24600356445782,9193653.8498,1660,375,1285,0.0043788842226546625,0.291828793774092,Fear
2025-03-06,16101.125561,21.18569152763158,6765325.028567,760,371,389,0.02013474329635827,0.9537275064242835,Fear
2025-03-07,150236.061627,58.86993010462382,19854275.554943,2552,1227,1325,0.012445560391991307,0.9260377358483577,Fear
2025-03-08,24700.773359,46.69333338185255,892083.4479949999,529,288,241,0.031927208986573315,1.1950207468830083,Fear
2025-03-09,19773.457395,13.905384947257385,10419697.999238,1422,947,475,0.02880885954403042,1.9936842105221186,Fear
2025-03-10,-10010.027269999999,-3.438690233596702,16811790.415495,2911,1570,1341,0.022345192884257556,1.1707680835188883,Fear
2025-03-11,-76880.729036,-23.3964482763238,14016952.17719,3286,2120,1166,0.0045710594383564255,1.818181818180259,Fear
2025-03-12,288105.984215,72.60735489289314,18618139.113543,3968,1647,2321,0.004278615698856784,0.7096079276171006,Fear
2025-03-14,68646.160089,31.061610899999998,8047187.3251942545,2210,297,1913,0.004025878435053965,0.15525352848920268,Fear
2025-03-16,-7910.943544999999,-14.926308575471696,10187921.386796,530,304,226,0.07165010409690606,1.34513274335688,Fear
2025-03-17,26163.906513,28.439028818478263,3592895.2260114,920,483,437,0.044084100574326664,1.1052631578922076,Fear
2025-03-18,72322.788824,86.71797221103118,4050655.349877,834,341,493,0.03862131809527826,0.691683569978313,Fear
2025-03-19,29374.682341,18.222507655707197,4598813.831943,1612,563,1049,0.01949744056479021,0.5367016205905275,Fear
2025-03-21,6951.270374,9.958840077363897,2543903.513556,698,346,352,0.04651717189429526,0.982954545451753,Fear
2025-03-22,12498.535254,23.361748138317758,971809.293555,535,222,313,0.02033754270199395,0.7092651757165839,Fear
2025-03-23,14047.421585,31.425999071588368,2593519.577109,447,290,157,0.06173573425065532,1.8471337579500184,Fear
2025-03-27,58825.359221,74.9367633388535,3240279.56362,785,474,311,0.02346730597544478,1.524115755622109,Fear
2025-03-28,21337.179335,29.30931227335165,1483092.730849,728,533,195,0.026887490015931444,2.7333333333193166,Fear
2025-03-29,12098.872931,6.38800049155227,3668151.720227,1894,997,897,0.005019524370735231,1.1114827201771333,Fear
2025-03-30,15795.11514,27.8083013028169,2850874.991526816,568,478,90,0.004240066563455192,5.3111111110520985,Fear
2025-03-31,6978.184557,14.097342539393939,2164772.575714,495,214,281,0.02135313799999053,0.7615658362962222,Fear
2025-04-01,-2202.6622420000003,-11.472199177083334,704445.12239,192,92,100,0.1556903495685987,0.9199999999908,Fear
2025-04-02,202212.740938,187.930056633829,3867930.737374,1076,128,948,0.003781391404544295,0.13502109704627108,Fear
2025-04-03,-2365.961276,-1.353524757437071,8670233.201231001,1748,956,792,0.012816728254890006,1.207070707069183,Fear
2025-04-04,-25515.678949999998,-20.05949602987421,3835545.73728,1272,499,773,0.02236263864196064,0.6455368693393978,Fear
2025-04-05,35907.33771,99.74260475,1267564.24297765,360,138,222,0.010405358904140929,0.6216216216188215,Fear
2025-04-06,47053.449272,44.89832945801527,3551252.0569633464,1048,678,370,0.01336450422008353,1.8324324324274799,Fear
2025-04-07,34527.370305,12.269854408315563,14460253.178459,2814,1415,1399,0.022886654036253184,1.0114367405282263,Fear
2025-04-08,34899.394798,37.00890222481442,8869391.44792445,943,430,513,0.05996436953928608,0.8382066276786779,Fear
2025-04-09,43120.444797,10.86978694151752,28556805.94634,3967,1764,2203,0.024164847031778274,0.8007262823418971,Fear
2025-04-10,158261.822261,74.40612236060178,28741953.615789194,2127,1137,990,0.025451555571381332,1.1484848484836885,Fear
2025-04-11,126406.479081,115.33437872354014,11319327.182071,1096,312,784,0.04162567624208491,0.3979591836729618,Fear
2025-04-12,410419.694533,194.60393292223802,55914617.530629,2109,800,1309,0.01791396013967489,0.611153552329556,Fear
2025-04-14,45680.443063,51.32634052022472,13079972.788512,890,517,373,0.009310865373721633,1.386058981229528,Fear
2025-04-15,72357.706282,63.976751796640144,20752167.96382805,1131,344,787,0.011315891284372812,0.4371029224899147,Fear
2025-04-16,58631.730257,36.46251881654229,36502715.738832,1608,835,773,0.012920287254061927,1.080206985768331,Fear
2025-04-17,5427.919886,5.264713759456837,2604551.508962,1031,341,690,0.01185666183348189,0.49420289855000843,Fear
2025-04-18,4880.4047439999995,2.576771248152059,24610650.418877,1894,755,1139,0.0164644873637691,0.6628621597887069,Fear
2025-04-19,71950.577495,25.82576363783202,32706462.99787461,2786,999,1787,0.013469866242878553,0.5590374930047235,Fear
2025-04-20,25060.341936,12.643966668012109,12126094.1101076,1982,1079,903,0.014488680632874475,1.1949058693231507,Fear
2025-04-21,34369.267906999994,20.005394590803256,42104054.805227004,1718,604,1114,0.012529438710749756,0.5421903052059764,Fear
2025-04-23,-419020.225731,-68.03380836678032,30682443.718835,6159,4218,1941,0.01531788868290432,2.173106646057613,Greed
2025-04-24,50704.395965,22.717023281810036,35088918.521418,2232,1223,1009,0.015426889891973205,1.212091179384329,Greed
2025-04-25,20218.859206,12.231614764670297,27749456.11413418,1653,681,972,0.007658420080978216,0.7006172839498965,Greed
2025-04-26,-4125.753942,-3.6478814694960215,11948127.616027,1131,604,527,0.009922959521355208,1.1461100569238214,Greed
2025-04-27,2702.067468,8.018004356083086,487537.776236,337,209,128,0.045841081785189974,1.6328124999872438,Greed
2025-04-29,125749.613427,56.06313572313866,34089511.400916,2243,1105,1138,0.010742380829741114,0.971001757468391,Greed
2025-04-30,14003.797269,12.582028094339623,12693878.608166,1113,838,275,0.010435267141702597,3.0472727272616464,Greed
